S02-A01	GS34251	T	C	XYZ0987654321	Unknown	XY	100	XY	T:C	0.1	0.1
S02-A02	GS34251	T	C	XYZ0987654321	Unknown	XY	99	XY	T:C	0.1	0.1
S02-A03	GS35220	C	T	XYZ0987654321	Unknown	XY	98	XY	C:T	0.1	0.1
S02-A04	GS35220	C	T	XYZ0987654321	Unknown	XY	97	XY	C:T	0.1	0.1
S02-A05	rs11096957	T	G	XYZ0987654321	Unknown	XY	100	No Call	No Call	0.1	0.1
S02-A06	rs12828016	G	T	XYZ0987654321	Unknown	XY	100	No Call	No Call	0.1	0.1
S02-A07	rs156697	A	G	XYZ0987654321	Unknown	XY	100	XY	A:G	0.1	0.1
S02-A08	rs1801262	T	C	XYZ0987654321	Unknown	XY	100	XY	T:C	0.1	0.1
S02-A09	rs1805034	C	T	XYZ0987654321	Unknown	XY	100	XY	C:T	0.1	0.1
S02-A10	rs1805087	A	G	XYZ0987654321	Unknown	XY	100	XY	A:G	0.1	0.1
S02-A11	rs2247870	G	A	XYZ0987654321	Unknown	XY	100	XY	G:A	0.1	0.1
S02-A12	rs2286963	T	G	XYZ0987654321	Unknown	XY	100	XY	T:G	0.1	0.1
S02-A13	rs3742207	T	G	XYZ0987654321	Unknown	XY	100	XY	T:G	0.1	0.1
S02-A14	rs3795677	G	A	XYZ0987654321	Unknown	XY	100	XY	G:A	0.1	0.1
S02-A15	rs4075254	G	A	XYZ0987654321	Unknown	XY	100	XY	G:A	0.1	0.1
S02-A16	rs4619	A	G	XYZ0987654321	Unknown	XY	100	XY	A:G	0.1	0.1
S02-A17	rs4843075	G	A	XYZ0987654321	Unknown	XY	100	XY	G:A	0.1	0.1
S02-A18	rs5215	C	T	XYZ0987654321	Unknown	XY	100	XY	C:T	0.1	0.1
S02-A19	rs6166	C	T	XYZ0987654321	Unknown	XY	100	XY	C:T	0.1	0.1
S02-A20	rs649058	G	A	XYZ0987654321	Unknown	XY	100	XY	G:A	0.1	0.1
S02-A21	rs6557634	T	C	XYZ0987654321	Unknown	XY	100	XY	T:C	0.1	0.1
S02-A22	rs6759892	T	G	XYZ0987654321	Unknown	XY	100	XY	T:G	0.1	0.1
S02-A23	rs7298565	G	A	XYZ0987654321	Unknown	XY	100	XY	G:A	0.1	0.1
S02-A24	rs753381	T	C	XYZ0987654321	Unknown	XY	100	XY	T:C	0.1	0.1
S02-A25	rs7627615	G	A	XYZ0987654321	Unknown	XY	100	XY	G:A	0.1	0.1
S02-A26	rs8065080	T	C	XYZ0987654321	Unknown	XY	100	XY	T:C	0.1	0.1
S02-A27				[ Empty ]	NTC	NTC	100	NTC	NTC	0.1	0.1
S02-A28				[ Empty ]	NTC	NTC	100	NTC	NTC	0.1	0.1
S02-A29				[ Empty ]	NTC	NTC	100	NTC	NTC	0.1	0.1
S02-A30				[ Empty ]	NTC	NTC	100	NTC	NTC	0.1	0.1
S02-A31				[ Empty ]	NTC	NTC	100	NTC	NTC	0.1	0.1
S02-A32				[ Empty ]	NTC	NTC	100	NTC	NTC	0.1	0.1
S02-A33				[ Empty ]	NTC	NTC	100	NTC	NTC	0.1	0.1
S02-A34				[ Empty ]	NTC	NTC	100	NTC	NTC	0.1	0.1
S02-A35				[ Empty ]	NTC	NTC	100	NTC	NTC	0.1	0.1
S02-A36				[ Empty ]	NTC	NTC	100	NTC	NTC	0.1	0.1
S02-A37				[ Empty ]	NTC	NTC	100	NTC	NTC	0.1	0.1
S02-A38				[ Empty ]	NTC	NTC	100	NTC	NTC	0.1	0.1
S02-A39				[ Empty ]	NTC	NTC	100	NTC	NTC	0.1	0.1
S02-A40				[ Empty ]	NTC	NTC	100	NTC	NTC	0.1	0.1
S02-A41				[ Empty ]	NTC	NTC	100	NTC	NTC	0.1	0.1
S02-A42				[ Empty ]	NTC	NTC	100	NTC	NTC	0.1	0.1
S02-A43				[ Empty ]	NTC	NTC	100	NTC	NTC	0.1	0.1
S02-A44				[ Empty ]	NTC	NTC	100	NTC	NTC	0.1	0.1
S02-A45				[ Empty ]	NTC	NTC	100	NTC	NTC	0.1	0.1
S02-A46				[ Empty ]	NTC	NTC	100	NTC	NTC	0.1	0.1
S02-A47				[ Empty ]	NTC	NTC	100	NTC	NTC	0.1	0.1
S02-A48				[ Empty ]	NTC	NTC	100	NTC	NTC	0.1	0.1
S02-A49				[ Empty ]	NTC	NTC	100	NTC	NTC	0.1	0.1
S02-A50				[ Empty ]	NTC	NTC	100	NTC	NTC	0.1	0.1
S02-A51				[ Empty ]	NTC	NTC	100	NTC	NTC	0.1	0.1
S02-A52				[ Empty ]	NTC	NTC	100	NTC	NTC	0.1	0.1
S02-A53				[ Empty ]	NTC	NTC	100	NTC	NTC	0.1	0.1
S02-A54				[ Empty ]	NTC	NTC	100	NTC	NTC	0.1	0.1
S02-A55				[ Empty ]	NTC	NTC	100	NTC	NTC	0.1	0.1
S02-A56				[ Empty ]	NTC	NTC	100	NTC	NTC	0.1	0.1
S02-A57				[ Empty ]	NTC	NTC	100	NTC	NTC	0.1	0.1
S02-A58				[ Empty ]	NTC	NTC	100	NTC	NTC	0.1	0.1
S02-A59				[ Empty ]	NTC	NTC	100	NTC	NTC	0.1	0.1
S02-A60				[ Empty ]	NTC	NTC	100	NTC	NTC	0.1	0.1
S02-A61				[ Empty ]	NTC	NTC	100	NTC	NTC	0.1	0.1
S02-A62				[ Empty ]	NTC	NTC	100	NTC	NTC	0.1	0.1
S02-A63				[ Empty ]	NTC	NTC	100	NTC	NTC	0.1	0.1
S02-A64				[ Empty ]	NTC	NTC	100	NTC	NTC	0.1	0.1
S02-A65				[ Empty ]	NTC	NTC	100	NTC	NTC	0.1	0.1
S02-A66				[ Empty ]	NTC	NTC	100	NTC	NTC	0.1	0.1
S02-A67				[ Empty ]	NTC	NTC	100	NTC	NTC	0.1	0.1
S02-A68				[ Empty ]	NTC	NTC	100	NTC	NTC	0.1	0.1
S02-A69				[ Empty ]	NTC	NTC	100	NTC	NTC	0.1	0.1
S02-A70				[ Empty ]	NTC	NTC	100	NTC	NTC	0.1	0.1
S02-A71				[ Empty ]	NTC	NTC	100	NTC	NTC	0.1	0.1
S02-A72				[ Empty ]	NTC	NTC	100	NTC	NTC	0.1	0.1
S02-A73				[ Empty ]	NTC	NTC	100	NTC	NTC	0.1	0.1
S02-A74				[ Empty ]	NTC	NTC	100	NTC	NTC	0.1	0.1
S02-A75				[ Empty ]	NTC	NTC	100	NTC	NTC	0.1	0.1
S02-A76				[ Empty ]	NTC	NTC	100	NTC	NTC	0.1	0.1
S02-A77				[ Empty ]	NTC	NTC	100	NTC	NTC	0.1	0.1
S02-A78				[ Empty ]	NTC	NTC	100	NTC	NTC	0.1	0.1
S02-A79				[ Empty ]	NTC	NTC	100	NTC	NTC	0.1	0.1
S02-A80				[ Empty ]	NTC	NTC	100	NTC	NTC	0.1	0.1
S02-A81				[ Empty ]	NTC	NTC	100	NTC	NTC	0.1	0.1
S02-A82				[ Empty ]	NTC	NTC	100	NTC	NTC	0.1	0.1
S02-A83				[ Empty ]	NTC	NTC	100	NTC	NTC	0.1	0.1
S02-A84				[ Empty ]	NTC	NTC	100	NTC	NTC	0.1	0.1
S02-A85				[ Empty ]	NTC	NTC	100	NTC	NTC	0.1	0.1
S02-A86				[ Empty ]	NTC	NTC	100	NTC	NTC	0.1	0.1
S02-A87				[ Empty ]	NTC	NTC	100	NTC	NTC	0.1	0.1
S02-A88				[ Empty ]	NTC	NTC	100	NTC	NTC	0.1	0.1
S02-A89				[ Empty ]	NTC	NTC	100	NTC	NTC	0.1	0.1
S02-A90				[ Empty ]	NTC	NTC	100	NTC	NTC	0.1	0.1
S02-A91				[ Empty ]	NTC	NTC	100	NTC	NTC	0.1	0.1
S02-A92				[ Empty ]	NTC	NTC	100	NTC	NTC	0.1	0.1
S02-A93				[ Empty ]	NTC	NTC	100	NTC	NTC	0.1	0.1
S02-A94				[ Empty ]	NTC	NTC	100	NTC	NTC	0.1	0.1
S02-A95				[ Empty ]	NTC	NTC	100	NTC	NTC	0.1	0.1
S02-A96				[ Empty ]	NTC	NTC	100	NTC	NTC	0.1	0.1
