Index,Name,Chromosome,Position,GenTrain Score,SNP,ILMN Strand,Customer Strand,NormID
0,mock_snp_000,1,10000,0.000000,[A/C],TOP,TOP,1
1,mock_snp_001,1,10001,0.000000,[A/G],TOP,TOP,1
2,mock_snp_002,1,10002,0.000000,[A/T],TOP,TOP,1
3,mock_snp_003,1,10003,0.000000,[C/G],TOP,TOP,1
4,mock_snp_004,1,10004,0.000000,[A/C],TOP,BOT,1
5,mock_snp_005,1,10005,0.000000,[A/G],TOP,BOT,1
6,mock_snp_006,1,10006,0.000000,[A/T],TOP,BOT,1
7,mock_snp_007,1,10007,0.000000,[C/G],TOP,BOT,1
8,mock_snp_008,1,10008,0.000000,[A/G],TOP,BOT,1
9,mock_snp_009,1,10009,0.000000,[A/C],TOP,BOT,1
10,mock_snp_010,1,10010,0.000000,[A/T],TOP,BOT,1
11,mock_snp_011,1,10011,0.000000,[C/G],TOP,BOT,1
12,mock_snp_012,1,10012,0.000000,[A/G],TOP,TOP,1
13,mock_snp_013,1,10013,0.000000,[A/C],TOP,TOP,1
14,mock_snp_014,1,10014,0.000000,[A/T],TOP,TOP,1
15,mock_snp_015,1,10015,0.000000,[C/G],TOP,TOP,1
16,mock_snp_016,1,10016,0.000000,[D/I],MINUS,MINUS,1
17,mock_snp_017,1,10017,0.000000,[I/D],MINUS,MINUS,1
18,mock_snp_018,1,10018,0.000000,[D/I],MINUS,PLUS,1
19,mock_snp_019,1,10019,0.000000,[I/D],MINUS,PLUS,1
20,mock_snp_020,1,10020,0.000000,[D/I],PLUS,MINUS,1
21,mock_snp_021,1,10021,0.000000,[I/D],PLUS,MINUS,1
22,mock_snp_022,1,10022,0.000000,[D/I],PLUS,PLUS,1
23,mock_snp_023,1,10023,0.000000,[I/D],PLUS,PLUS,1
