sample00-A000	GS34251	T	T	sample004	Unknown	Unknown	99.99	Unknown	T:T	0.5	0.5
sample00-A001	GS35220	C	C	sample004	Unknown	Unknown	99.99	Unknown	C:C	0.5	0.5
sample00-A002	rs11096957	A	C	sample004	Unknown	Unknown	99.99	Unknown	A:C	0.5	0.5
sample00-A003	rs12828016	G	T	sample004	Unknown	Unknown	99.99	Unknown	G:T	0.5	0.5
sample00-A004	rs156697	T	C	sample004	Unknown	Unknown	99.99	Unknown	T:C	0.5	0.5
sample00-A005	rs1801262	A	G	sample004	Unknown	Unknown	99.99	Unknown	A:G	0.5	0.5
sample00-A006	rs1805034	C	T	sample004	Unknown	Unknown	99.99	Unknown	C:T	0.5	0.5
sample00-A007	rs1805087	A	G	sample004	Unknown	Unknown	99.99	Unknown	A:G	0.5	0.5
sample00-A008	rs2247870	C	T	sample004	Unknown	Unknown	99.99	Unknown	C:T	0.5	0.5
sample00-A009	rs2286963	T	G	sample004	Unknown	Unknown	99.99	Unknown	T:G	0.5	0.5
sample00-A010	rs3742207	A	C	sample004	Unknown	Unknown	99.99	Unknown	A:C	0.5	0.5
sample00-A011	rs3795677	G	A	sample004	Unknown	Unknown	99.99	Unknown	G:A	0.5	0.5
sample00-A012	rs4075254	C	T	sample004	Unknown	Unknown	99.99	Unknown	C:T	0.5	0.5
sample00-A013	rs4619	A	G	sample004	Unknown	Unknown	99.99	Unknown	A:G	0.5	0.5
sample00-A014	rs4843075	G	A	sample004	Unknown	Unknown	99.99	Unknown	G:A	0.5	0.5
sample00-A015	rs5215	C	T	sample004	Unknown	Unknown	99.99	Unknown	C:T	0.5	0.5
sample00-A016	rs6166	G	A	sample004	Unknown	Unknown	99.99	Unknown	G:A	0.5	0.5
sample00-A017	rs649058	G	A	sample004	Unknown	Unknown	99.99	Unknown	G:A	0.5	0.5
sample00-A018	rs6557634	T	C	sample004	Unknown	Unknown	99.99	Unknown	T:C	0.5	0.5
sample00-A019	rs6759892	T	G	sample004	Unknown	Unknown	99.99	Unknown	T:G	0.5	0.5
sample00-A020	rs7298565	G	A	sample004	Unknown	Unknown	99.99	Unknown	G:A	0.5	0.5
sample00-A021	rs753381	A	G	sample004	Unknown	Unknown	99.99	Unknown	A:G	0.5	0.5
sample00-A022	rs7627615	G	A	sample004	Unknown	Unknown	99.99	Unknown	G:A	0.5	0.5
sample00-A023	rs8065080	T	C	sample004	Unknown	Unknown	99.99	Unknown	T:C	0.5	0.5
