ALLELE	ASSAY_ID	CHIP	CUSTOMER	EXPERIMENT	GENOTYPE_ID	HEIGHT	MASS	PLATE	PROJECT	SAMPLE_ID	STATUS	WELL_POSITION
T	snpset01-GS34251	1234	customer1	experiment1	T	10	1	plate1	project1	sample003	1	A03
T	snpset01-GS34251	1234	customer1	experiment1	T	10	1	plate1	project1	sample003	1	A03
T	snpset01-GS35205	1234	customer1	experiment1	T	10	1	plate1	project1	sample003	1	A03
T	snpset01-GS35205	1234	customer1	experiment1	T	10	1	plate1	project1	sample003	1	A03
A	snpset01-GS35219	1234	customer1	experiment1	A	10	1	plate1	project1	sample003	1	A03
A	snpset01-GS35219	1234	customer1	experiment1	A	10	1	plate1	project1	sample003	1	A03
C	snpset01-GS35220	1234	customer1	experiment1	C	10	1	plate1	project1	sample003	1	A03
C	snpset01-GS35220	1234	customer1	experiment1	C	10	1	plate1	project1	sample003	1	A03
G	snpset01-rs649058_ALTERNATE_NAME	1234	customer1	experiment1	GA	10	1	plate1	project1	sample003	1	A03
A	snpset01-rs649058_ALTERNATE_NAME	1234	customer1	experiment1	GA	10	1	plate1	project1	sample003	1	A03
T	snpset01-rs1131498	1234	customer1	experiment1	TC	10	1	plate1	project1	sample003	1	A03
C	snpset01-rs1131498	1234	customer1	experiment1	TC	10	1	plate1	project1	sample003	1	A03
A	snpset01-rs1805087	1234	customer1	experiment1	AG	10	1	plate1	project1	sample003	1	A03
G	snpset01-rs1805087	1234	customer1	experiment1	AG	10	1	plate1	project1	sample003	1	A03
G	snpset01-rs3795677	1234	customer1	experiment1	GA	10	1	plate1	project1	sample003	1	A03
A	snpset01-rs3795677	1234	customer1	experiment1	GA	10	1	plate1	project1	sample003	1	A03
G	snpset01-rs6166	1234	customer1	experiment1	GA	10	1	plate1	project1	sample003	1	A03
A	snpset01-rs6166	1234	customer1	experiment1	GA	10	1	plate1	project1	sample003	1	A03
A	snpset01-rs1801262	1234	customer1	experiment1	AG	10	1	plate1	project1	sample003	1	A03
G	snpset01-rs1801262	1234	customer1	experiment1	AG	10	1	plate1	project1	sample003	1	A03
T	snpset01-rs2286963	1234	customer1	experiment1	TG	10	1	plate1	project1	sample003	1	A03
G	snpset01-rs2286963	1234	customer1	experiment1	TG	10	1	plate1	project1	sample003	1	A03
T	snpset01-rs6759892	1234	customer1	experiment1	TG	10	1	plate1	project1	sample003	1	A03
G	snpset01-rs6759892	1234	customer1	experiment1	TG	10	1	plate1	project1	sample003	1	A03
G	snpset01-rs7627615	1234	customer1	experiment1	GA	10	1	plate1	project1	sample003	1	A03
A	snpset01-rs7627615	1234	customer1	experiment1	GA	10	1	plate1	project1	sample003	1	A03
A	snpset01-rs11096957	1234	customer1	experiment1	AC	10	1	plate1	project1	sample003	1	A03
C	snpset01-rs11096957	1234	customer1	experiment1	AC	10	1	plate1	project1	sample003	1	A03
C	snpset01-rs2247870	1234	customer1	experiment1	CT	10	1	plate1	project1	sample003	1	A03
T	snpset01-rs2247870	1234	customer1	experiment1	CT	10	1	plate1	project1	sample003	1	A03
A	snpset01-rs4619	1234	customer1	experiment1	AG	10	1	plate1	project1	sample003	1	A03
G	snpset01-rs4619	1234	customer1	experiment1	AG	10	1	plate1	project1	sample003	1	A03
C	snpset01-rs532841	1234	customer1	experiment1	CT	10	1	plate1	project1	sample003	1	A03
T	snpset01-rs532841	1234	customer1	experiment1	CT	10	1	plate1	project1	sample003	1	A03
T	snpset01-rs6557634	1234	customer1	experiment1	TC	10	1	plate1	project1	sample003	1	A03
C	snpset01-rs6557634	1234	customer1	experiment1	TC	10	1	plate1	project1	sample003	1	A03
C	snpset01-rs4925	1234	customer1	experiment1	CA	10	1	plate1	project1	sample003	1	A03
A	snpset01-rs4925	1234	customer1	experiment1	CA	10	1	plate1	project1	sample003	1	A03
T	snpset01-rs156697	1234	customer1	experiment1	TC	10	1	plate1	project1	sample003	1	A03
C	snpset01-rs156697	1234	customer1	experiment1	TC	10	1	plate1	project1	sample003	1	A03
C	snpset01-rs5215	1234	customer1	experiment1	CT	10	1	plate1	project1	sample003	1	A03
T	snpset01-rs5215	1234	customer1	experiment1	CT	10	1	plate1	project1	sample003	1	A03
G	snpset01-rs12828016	1234	customer1	experiment1	GT	10	1	plate1	project1	sample003	1	A03
T	snpset01-rs12828016	1234	customer1	experiment1	GT	10	1	plate1	project1	sample003	1	A03
G	snpset01-rs7298565	1234	customer1	experiment1	GA	10	1	plate1	project1	sample003	1	A03
A	snpset01-rs7298565	1234	customer1	experiment1	GA	10	1	plate1	project1	sample003	1	A03
A	snpset01-rs3742207	1234	customer1	experiment1	AC	10	1	plate1	project1	sample003	1	A03
C	snpset01-rs3742207	1234	customer1	experiment1	AC	10	1	plate1	project1	sample003	1	A03
C	snpset01-rs4075254	1234	customer1	experiment1	CT	10	1	plate1	project1	sample003	1	A03
T	snpset01-rs4075254	1234	customer1	experiment1	CT	10	1	plate1	project1	sample003	1	A03
G	snpset01-rs4843075	1234	customer1	experiment1	GA	10	1	plate1	project1	sample003	1	A03
A	snpset01-rs4843075	1234	customer1	experiment1	GA	10	1	plate1	project1	sample003	1	A03
T	snpset01-rs8065080	1234	customer1	experiment1	TC	10	1	plate1	project1	sample003	1	A03
C	snpset01-rs8065080	1234	customer1	experiment1	TC	10	1	plate1	project1	sample003	1	A03
C	snpset01-rs1805034	1234	customer1	experiment1	CT	10	1	plate1	project1	sample003	1	A03
T	snpset01-rs1805034	1234	customer1	experiment1	CT	10	1	plate1	project1	sample003	1	A03
A	snpset01-rs2241714	1234	customer1	experiment1	AG	10	1	plate1	project1	sample003	1	A03
G	snpset01-rs2241714	1234	customer1	experiment1	AG	10	1	plate1	project1	sample003	1	A03
A	snpset01-rs753381	1234	customer1	experiment1	AG	10	1	plate1	project1	sample003	1	A03
G	snpset01-rs753381	1234	customer1	experiment1	AG	10	1	plate1	project1	sample003	1	A03
