S01-A01	GS34251	T	C	ABC0123456789	Unknown	XY	100	XY	T:C	0.1	0.1
S01-A02	GS34251	T	C	ABC0123456789	Unknown	XY	99	XY	T:C	0.1	0.1
S01-A03	GS35220	C	T	ABC0123456789	Unknown	XY	98	XY	C:T	0.1	0.1
S01-A04	GS35220	C	T	ABC0123456789	Unknown	XY	97	XY	C:T	0.1	0.1
S01-A05	rs11096957	T	G	ABC0123456789	Unknown	XY	100	XY	T:G	0.1	0.1
S01-A06	rs12828016	G	T	ABC0123456789	Unknown	XY	100	XY	G:T	0.1	0.1
S01-A07	rs156697	A	G	ABC0123456789	Unknown	XY	100	XY	A:G	0.1	0.1
S01-A08	rs1801262	T	C	ABC0123456789	Unknown	XY	100	XY	T:C	0.1	0.1
S01-A09	rs1805034	C	T	ABC0123456789	Unknown	XY	100	XY	C:T	0.1	0.1
S01-A10	rs1805087	A	G	ABC0123456789	Unknown	XY	100	XY	A:G	0.1	0.1
S01-A11	rs2247870	G	A	ABC0123456789	Unknown	XY	100	XY	G:A	0.1	0.1
S01-A12	rs2286963	T	G	ABC0123456789	Unknown	XY	100	XY	T:G	0.1	0.1
S01-A13	rs3742207	T	G	ABC0123456789	Unknown	XY	100	XY	T:G	0.1	0.1
S01-A14	rs3795677	G	A	ABC0123456789	Unknown	XY	100	XY	G:A	0.1	0.1
S01-A15	rs4075254	G	A	ABC0123456789	Unknown	XY	100	XY	G:A	0.1	0.1
S01-A16	rs4619	A	G	ABC0123456789	Unknown	XY	100	XY	A:G	0.1	0.1
S01-A17	rs4843075	G	A	ABC0123456789	Unknown	XY	100	XY	G:A	0.1	0.1
S01-A18	rs5215	C	T	ABC0123456789	Unknown	XY	100	XY	C:T	0.1	0.1
S01-A19	rs6166	C	T	ABC0123456789	Unknown	XY	100	XY	C:T	0.1	0.1
S01-A20	rs649058	G	A	ABC0123456789	Unknown	XY	100	XY	G:A	0.1	0.1
S01-A21	rs6557634	T	C	ABC0123456789	Unknown	XY	100	XY	T:C	0.1	0.1
S01-A22	rs6759892	T	G	ABC0123456789	Unknown	XY	100	XY	T:G	0.1	0.1
S01-A23	rs7298565	G	A	ABC0123456789	Unknown	XY	100	XY	G:A	0.1	0.1
S01-A24	rs753381	T	C	ABC0123456789	Unknown	XY	100	XY	T:C	0.1	0.1
S01-A25	rs7627615	G	A	ABC0123456789	Unknown	XY	100	XY	G:A	0.1	0.1
S01-A26	rs8065080	T	C	ABC0123456789	Unknown	XY	100	XY	T:C	0.1	0.1
S01-A27				[ Empty ]	NTC	NTC	100	NTC	NTC	0.1	0.1
S01-A28				[ Empty ]	NTC	NTC	100	NTC	NTC	0.1	0.1
S01-A29				[ Empty ]	NTC	NTC	100	NTC	NTC	0.1	0.1
S01-A30				[ Empty ]	NTC	NTC	100	NTC	NTC	0.1	0.1
S01-A31				[ Empty ]	NTC	NTC	100	NTC	NTC	0.1	0.1
S01-A32				[ Empty ]	NTC	NTC	100	NTC	NTC	0.1	0.1
S01-A33				[ Empty ]	NTC	NTC	100	NTC	NTC	0.1	0.1
S01-A34				[ Empty ]	NTC	NTC	100	NTC	NTC	0.1	0.1
S01-A35				[ Empty ]	NTC	NTC	100	NTC	NTC	0.1	0.1
S01-A36				[ Empty ]	NTC	NTC	100	NTC	NTC	0.1	0.1
S01-A37				[ Empty ]	NTC	NTC	100	NTC	NTC	0.1	0.1
S01-A38				[ Empty ]	NTC	NTC	100	NTC	NTC	0.1	0.1
S01-A39				[ Empty ]	NTC	NTC	100	NTC	NTC	0.1	0.1
S01-A40				[ Empty ]	NTC	NTC	100	NTC	NTC	0.1	0.1
S01-A41				[ Empty ]	NTC	NTC	100	NTC	NTC	0.1	0.1
S01-A42				[ Empty ]	NTC	NTC	100	NTC	NTC	0.1	0.1
S01-A43				[ Empty ]	NTC	NTC	100	NTC	NTC	0.1	0.1
S01-A44				[ Empty ]	NTC	NTC	100	NTC	NTC	0.1	0.1
S01-A45				[ Empty ]	NTC	NTC	100	NTC	NTC	0.1	0.1
S01-A46				[ Empty ]	NTC	NTC	100	NTC	NTC	0.1	0.1
S01-A47				[ Empty ]	NTC	NTC	100	NTC	NTC	0.1	0.1
S01-A48				[ Empty ]	NTC	NTC	100	NTC	NTC	0.1	0.1
S01-A49				[ Empty ]	NTC	NTC	100	NTC	NTC	0.1	0.1
S01-A50				[ Empty ]	NTC	NTC	100	NTC	NTC	0.1	0.1
S01-A51				[ Empty ]	NTC	NTC	100	NTC	NTC	0.1	0.1
S01-A52				[ Empty ]	NTC	NTC	100	NTC	NTC	0.1	0.1
S01-A53				[ Empty ]	NTC	NTC	100	NTC	NTC	0.1	0.1
S01-A54				[ Empty ]	NTC	NTC	100	NTC	NTC	0.1	0.1
S01-A55				[ Empty ]	NTC	NTC	100	NTC	NTC	0.1	0.1
S01-A56				[ Empty ]	NTC	NTC	100	NTC	NTC	0.1	0.1
S01-A57				[ Empty ]	NTC	NTC	100	NTC	NTC	0.1	0.1
S01-A58				[ Empty ]	NTC	NTC	100	NTC	NTC	0.1	0.1
S01-A59				[ Empty ]	NTC	NTC	100	NTC	NTC	0.1	0.1
S01-A60				[ Empty ]	NTC	NTC	100	NTC	NTC	0.1	0.1
S01-A61				[ Empty ]	NTC	NTC	100	NTC	NTC	0.1	0.1
S01-A62				[ Empty ]	NTC	NTC	100	NTC	NTC	0.1	0.1
S01-A63				[ Empty ]	NTC	NTC	100	NTC	NTC	0.1	0.1
S01-A64				[ Empty ]	NTC	NTC	100	NTC	NTC	0.1	0.1
S01-A65				[ Empty ]	NTC	NTC	100	NTC	NTC	0.1	0.1
S01-A66				[ Empty ]	NTC	NTC	100	NTC	NTC	0.1	0.1
S01-A67				[ Empty ]	NTC	NTC	100	NTC	NTC	0.1	0.1
S01-A68				[ Empty ]	NTC	NTC	100	NTC	NTC	0.1	0.1
S01-A69				[ Empty ]	NTC	NTC	100	NTC	NTC	0.1	0.1
S01-A70				[ Empty ]	NTC	NTC	100	NTC	NTC	0.1	0.1
S01-A71				[ Empty ]	NTC	NTC	100	NTC	NTC	0.1	0.1
S01-A72				[ Empty ]	NTC	NTC	100	NTC	NTC	0.1	0.1
S01-A73				[ Empty ]	NTC	NTC	100	NTC	NTC	0.1	0.1
S01-A74				[ Empty ]	NTC	NTC	100	NTC	NTC	0.1	0.1
S01-A75				[ Empty ]	NTC	NTC	100	NTC	NTC	0.1	0.1
S01-A76				[ Empty ]	NTC	NTC	100	NTC	NTC	0.1	0.1
S01-A77				[ Empty ]	NTC	NTC	100	NTC	NTC	0.1	0.1
S01-A78				[ Empty ]	NTC	NTC	100	NTC	NTC	0.1	0.1
S01-A79				[ Empty ]	NTC	NTC	100	NTC	NTC	0.1	0.1
S01-A80				[ Empty ]	NTC	NTC	100	NTC	NTC	0.1	0.1
S01-A81				[ Empty ]	NTC	NTC	100	NTC	NTC	0.1	0.1
S01-A82				[ Empty ]	NTC	NTC	100	NTC	NTC	0.1	0.1
S01-A83				[ Empty ]	NTC	NTC	100	NTC	NTC	0.1	0.1
S01-A84				[ Empty ]	NTC	NTC	100	NTC	NTC	0.1	0.1
S01-A85				[ Empty ]	NTC	NTC	100	NTC	NTC	0.1	0.1
S01-A86				[ Empty ]	NTC	NTC	100	NTC	NTC	0.1	0.1
S01-A87				[ Empty ]	NTC	NTC	100	NTC	NTC	0.1	0.1
S01-A88				[ Empty ]	NTC	NTC	100	NTC	NTC	0.1	0.1
S01-A89				[ Empty ]	NTC	NTC	100	NTC	NTC	0.1	0.1
S01-A90				[ Empty ]	NTC	NTC	100	NTC	NTC	0.1	0.1
S01-A91				[ Empty ]	NTC	NTC	100	NTC	NTC	0.1	0.1
S01-A92				[ Empty ]	NTC	NTC	100	NTC	NTC	0.1	0.1
S01-A93				[ Empty ]	NTC	NTC	100	NTC	NTC	0.1	0.1
S01-A94				[ Empty ]	NTC	NTC	100	NTC	NTC	0.1	0.1
S01-A95				[ Empty ]	NTC	NTC	100	NTC	NTC	0.1	0.1
S01-A96				[ Empty ]	NTC	NTC	100	NTC	NTC	0.1	0.1
