sample_name,snp_name,production_call,qc_A,qc_B,qc_C
urn:wtsi:249441_F11_HELIC5102138,rs000000_DUMMY-SNP,NA,NA,NA,NA
urn:wtsi:249441_F11_HELIC5102138,rs1805087,AG,AG,AG,AA
urn:wtsi:249441_F11_HELIC5102138,rs2241714,CT,AG,AG,AA
urn:wtsi:249441_F11_HELIC5102138,rs2247870,CT,CT,CT,CT
urn:wtsi:249441_F11_HELIC5102138,rs2286963,GT,GT,GT,GT
urn:wtsi:249441_F11_HELIC5102138,rs3742207,AC,AC,AC,AC
urn:wtsi:249441_F11_HELIC5102138,rs3795677,AG,AG,AG,AA
urn:wtsi:249441_F11_HELIC5102138,rs4075254,CT,CT,CT,CT
urn:wtsi:249441_F11_HELIC5102138,rs4619,AG,AG,AG,AA
urn:wtsi:249441_F11_HELIC5102138,rs4843075,AG,AG,AG,AA
urn:wtsi:249441_F11_HELIC5102138,rs4925,AC,AC,AC,AC
urn:wtsi:249441_F11_HELIC5102138,rs5215,CT,CT,CT,CT
urn:wtsi:249441_F11_HELIC5102138,rs532841,CT,CT,CT,CT
urn:wtsi:249441_F11_HELIC5102138,rs6166,AG,AG,AG,AA
urn:wtsi:249441_F11_HELIC5102138,rs649058,AG,AG,AG,AA
urn:wtsi:249441_F11_HELIC5102138,rs6557634,CT,CT,CT,CT
urn:wtsi:249441_F11_HELIC5102138,rs6759892,GT,GT,GT,GT
urn:wtsi:249441_F11_HELIC5102138,rs7298565,AG,AG,AG,AA
urn:wtsi:249441_F11_HELIC5102138,rs753381,AG,AG,AG,AA
urn:wtsi:249441_F11_HELIC5102138,rs7627615,GA,AG,AG,AA
urn:wtsi:249441_F11_HELIC5102138,rs8065080,CT,CT,CT,CT
urn:wtsi:249442_C09_HELIC5102247,rs000000_DUMMY-SNP,NA,NA,NA,NA
urn:wtsi:249442_C09_HELIC5102247,rs1805087,GG,AG,AG,AG
urn:wtsi:249442_C09_HELIC5102247,rs2241714,TT,AG,AG,AG
urn:wtsi:249442_C09_HELIC5102247,rs2247870,TT,CT,CT,CT
urn:wtsi:249442_C09_HELIC5102247,rs2286963,TT,GT,GT,GT
urn:wtsi:249442_C09_HELIC5102247,rs3742207,CC,AC,AC,AC
urn:wtsi:249442_C09_HELIC5102247,rs3795677,GG,AG,AG,AG
urn:wtsi:249442_C09_HELIC5102247,rs4075254,TT,CT,CT,NN
urn:wtsi:249442_C09_HELIC5102247,rs4619,GG,AG,AG,NN
urn:wtsi:249442_C09_HELIC5102247,rs4843075,GG,AG,AG,NN
urn:wtsi:249442_C09_HELIC5102247,rs4925,CC,AC,AC,NN
urn:wtsi:249442_C09_HELIC5102247,rs5215,TT,CT,CT,NN
urn:wtsi:249442_C09_HELIC5102247,rs532841,TT,CT,CT,NN
urn:wtsi:249442_C09_HELIC5102247,rs6166,GG,AG,AG,NN
urn:wtsi:249442_C09_HELIC5102247,rs649058,GG,AG,AG,NN
urn:wtsi:249442_C09_HELIC5102247,rs6557634,TT,CT,CT,NN
urn:wtsi:249442_C09_HELIC5102247,rs6759892,TT,GT,GT,NN
urn:wtsi:249442_C09_HELIC5102247,rs7298565,GG,AG,AG,AG
urn:wtsi:249442_C09_HELIC5102247,rs753381,GG,AG,AG,AG
urn:wtsi:249442_C09_HELIC5102247,rs7627615,GG,AG,AG,AG
urn:wtsi:249442_C09_HELIC5102247,rs8065080,TT,CT,CT,CT
urn:wtsi:249461_G12_HELIC5215300,rs000000_DUMMY-SNP,NA,NA,NA,NA
urn:wtsi:249461_G12_HELIC5215300,rs1805087,AA,NN,NN,NN
urn:wtsi:249461_G12_HELIC5215300,rs2241714,GA,NN,NN,NN
urn:wtsi:249461_G12_HELIC5215300,rs2247870,TT,NN,NN,NN
urn:wtsi:249461_G12_HELIC5215300,rs2286963,GT,NN,NN,NN
urn:wtsi:249461_G12_HELIC5215300,rs3742207,AC,NN,NN,NN
urn:wtsi:249461_G12_HELIC5215300,rs3795677,TT,NN,NN,NN
urn:wtsi:249461_G12_HELIC5215300,rs4075254,CT,NN,NN,NN
urn:wtsi:249461_G12_HELIC5215300,rs4619,AG,NN,NN,NN
urn:wtsi:249461_G12_HELIC5215300,rs4843075,GA,NN,NN,NN
urn:wtsi:249461_G12_HELIC5215300,rs4925,AA,NN,NN,NN
urn:wtsi:249461_G12_HELIC5215300,rs5215,CT,CT,CT,CT
urn:wtsi:249461_G12_HELIC5215300,rs532841,CT,CT,CT,CT
urn:wtsi:249461_G12_HELIC5215300,rs6166,GA,AG,AG,AG
urn:wtsi:249461_G12_HELIC5215300,rs649058,GA,AG,AG,AG
urn:wtsi:249461_G12_HELIC5215300,rs6557634,CT,CT,CT,CT
urn:wtsi:249461_G12_HELIC5215300,rs6759892,GT,GT,GT,GT
urn:wtsi:249461_G12_HELIC5215300,rs7298565,GA,AG,AG,AG
urn:wtsi:249461_G12_HELIC5215300,rs753381,AG,AG,AG,AG
urn:wtsi:249461_G12_HELIC5215300,rs7627615,GA,AG,AG,AG
urn:wtsi:249461_G12_HELIC5215300,rs8065080,CT,CT,CT,CT
urn:wtsi:000000_A00_DUMMY-SAMPLE,rs000000_DUMMY-SNP,AA,NA,NA,AA
urn:wtsi:000000_A00_DUMMY-SAMPLE,rs1805087,NA,NA,NA,NA
urn:wtsi:000000_A00_DUMMY-SAMPLE,rs2241714,NA,NA,NA,NA
urn:wtsi:000000_A00_DUMMY-SAMPLE,rs2247870,NA,NA,NA,NA
urn:wtsi:000000_A00_DUMMY-SAMPLE,rs2286963,NA,NA,NA,NA
urn:wtsi:000000_A00_DUMMY-SAMPLE,rs3742207,NA,NA,NA,NA
urn:wtsi:000000_A00_DUMMY-SAMPLE,rs3795677,NA,NA,NA,NA
urn:wtsi:000000_A00_DUMMY-SAMPLE,rs4075254,NA,NA,NA,NA
urn:wtsi:000000_A00_DUMMY-SAMPLE,rs4619,NA,NA,NA,NA
urn:wtsi:000000_A00_DUMMY-SAMPLE,rs4843075,NA,NA,NA,NA
urn:wtsi:000000_A00_DUMMY-SAMPLE,rs4925,NA,NA,NA,NA
urn:wtsi:000000_A00_DUMMY-SAMPLE,rs5215,NA,NA,NA,NA
urn:wtsi:000000_A00_DUMMY-SAMPLE,rs532841,NA,NA,NA,NA
urn:wtsi:000000_A00_DUMMY-SAMPLE,rs6166,NA,NA,NA,NA
urn:wtsi:000000_A00_DUMMY-SAMPLE,rs649058,NA,NA,NA,NA
urn:wtsi:000000_A00_DUMMY-SAMPLE,rs6557634,NA,NA,NA,NA
urn:wtsi:000000_A00_DUMMY-SAMPLE,rs6759892,NA,NA,NA,NA
urn:wtsi:000000_A00_DUMMY-SAMPLE,rs7298565,NA,NA,NA,NA
urn:wtsi:000000_A00_DUMMY-SAMPLE,rs753381,NA,NA,NA,NA
urn:wtsi:000000_A00_DUMMY-SAMPLE,rs7627615,NA,NA,NA,NA
urn:wtsi:000000_A00_DUMMY-SAMPLE,rs8065080,NA,NA,NA,NA
urn:wtsi:249469_H06_HELIC5274668,rs000000_DUMMY-SNP,NA,NA,NA,NA
urn:wtsi:249469_H06_HELIC5274668,rs1805087,NA,NA,NA,NA
urn:wtsi:249469_H06_HELIC5274668,rs2241714,NA,NA,NA,NA
urn:wtsi:249469_H06_HELIC5274668,rs2247870,NA,NA,NA,NA
urn:wtsi:249469_H06_HELIC5274668,rs2286963,NA,NA,NA,NA
urn:wtsi:249469_H06_HELIC5274668,rs3742207,NA,NA,NA,NA
urn:wtsi:249469_H06_HELIC5274668,rs3795677,NA,NA,NA,NA
urn:wtsi:249469_H06_HELIC5274668,rs4075254,NA,NA,NA,NA
urn:wtsi:249469_H06_HELIC5274668,rs4619,NA,NA,NA,NA
urn:wtsi:249469_H06_HELIC5274668,rs4843075,NA,NA,NA,NA
urn:wtsi:249469_H06_HELIC5274668,rs4925,NA,NA,NA,NA
urn:wtsi:249469_H06_HELIC5274668,rs5215,NA,NA,NA,NA
urn:wtsi:249469_H06_HELIC5274668,rs532841,NA,NA,NA,NA
urn:wtsi:249469_H06_HELIC5274668,rs6166,NA,NA,NA,NA
urn:wtsi:249469_H06_HELIC5274668,rs649058,NA,NA,NA,NA
urn:wtsi:249469_H06_HELIC5274668,rs6557634,NA,NA,NA,NA
urn:wtsi:249469_H06_HELIC5274668,rs6759892,NA,NA,NA,NA
urn:wtsi:249469_H06_HELIC5274668,rs7298565,NA,NA,NA,NA
urn:wtsi:249469_H06_HELIC5274668,rs753381,NA,NA,NA,NA
urn:wtsi:249469_H06_HELIC5274668,rs7627615,NA,NA,NA,NA
urn:wtsi:249469_H06_HELIC5274668,rs8065080,NA,NA,NA,NA
urn:wtsi:249470_F02_HELIC5274730,rs000000_DUMMY-SNP,NA,NA,NA,NA
urn:wtsi:249470_F02_HELIC5274730,rs1805087,NA,NA,NA,NA
urn:wtsi:249470_F02_HELIC5274730,rs2241714,NA,NA,NA,NA
urn:wtsi:249470_F02_HELIC5274730,rs2247870,NA,NA,NA,NA
urn:wtsi:249470_F02_HELIC5274730,rs2286963,NA,NA,NA,NA
urn:wtsi:249470_F02_HELIC5274730,rs3742207,NA,NA,NA,NA
urn:wtsi:249470_F02_HELIC5274730,rs3795677,NA,NA,NA,NA
urn:wtsi:249470_F02_HELIC5274730,rs4075254,NA,NA,NA,NA
urn:wtsi:249470_F02_HELIC5274730,rs4619,NA,NA,NA,NA
urn:wtsi:249470_F02_HELIC5274730,rs4843075,NA,NA,NA,NA
urn:wtsi:249470_F02_HELIC5274730,rs4925,NA,NA,NA,NA
urn:wtsi:249470_F02_HELIC5274730,rs5215,NA,NA,NA,NA
urn:wtsi:249470_F02_HELIC5274730,rs532841,NA,NA,NA,NA
urn:wtsi:249470_F02_HELIC5274730,rs6166,NA,NA,NA,NA
urn:wtsi:249470_F02_HELIC5274730,rs649058,NA,NA,NA,NA
urn:wtsi:249470_F02_HELIC5274730,rs6557634,NA,NA,NA,NA
urn:wtsi:249470_F02_HELIC5274730,rs6759892,NA,NA,NA,NA
urn:wtsi:249470_F02_HELIC5274730,rs7298565,NA,NA,NA,NA
urn:wtsi:249470_F02_HELIC5274730,rs753381,NA,NA,NA,NA
urn:wtsi:249470_F02_HELIC5274730,rs7627615,NA,NA,NA,NA
urn:wtsi:249470_F02_HELIC5274730,rs8065080,NA,NA,NA,NA
